id,processor_id,created_at,updated_at,mips,link
1,1024,"2014-11-17 00:08:20.072036","2014-11-17 00:08:20.072036",0.06,horowitz
2,1025,"2014-11-17 00:08:20.095356","2014-11-17 00:08:20.095356",0.06,horowitz
3,1026,"2014-11-17 00:08:20.112947","2014-11-17 00:08:20.112947",0.64,horowitz
4,1027,"2014-11-17 00:08:20.131371","2014-11-17 00:08:20.131371",0.33,horowitz
5,1028,"2014-11-17 00:08:20.149858","2014-11-17 00:08:20.149858",0.66,horowitz
6,1029,"2014-11-17 00:08:20.171860","2014-11-17 00:08:20.171860",0.75,horowitz
7,1030,"2014-11-17 00:08:20.192404","2014-11-17 00:08:20.192404",0.75,horowitz
8,1031,"2014-11-17 00:08:20.212841","2014-11-17 00:08:20.212841",0.9,horowitz
9,1032,"2014-11-17 00:08:20.230535","2014-11-17 00:08:20.230535",1.5,horowitz
10,1033,"2014-11-17 00:08:20.250335","2014-11-17 00:08:20.250335",2.66,horowitz
11,1034,"2014-11-17 00:08:20.269670","2014-11-17 00:08:20.269670",5.5,horowitz
12,1035,"2014-11-17 00:08:20.293161","2014-11-17 00:08:20.293161",6.5,horowitz
13,1036,"2014-11-17 00:08:20.315977","2014-11-17 00:08:20.315977",8.5,horowitz
14,1037,"2014-11-17 00:08:20.340446","2014-11-17 00:08:20.340446",11.4,horowitz
15,1038,"2014-11-17 00:08:20.360591","2014-11-17 00:08:20.360591",20,horowitz
16,1039,"2014-11-17 00:08:20.379993","2014-11-17 00:08:20.379993",27,horowitz
17,1040,"2014-11-17 00:08:20.400338","2014-11-17 00:08:20.400338",41,horowitz
18,1041,"2014-11-17 00:08:20.419716","2014-11-17 00:08:20.419716",54,horowitz
19,1042,"2014-11-17 00:08:20.439354","2014-11-17 00:08:20.439354",70.7,horowitz
20,1173,"2014-11-17 00:08:20.588243","2014-11-17 00:08:20.588243",112,horowitz
21,1165,"2014-11-17 00:08:20.610745","2014-11-17 00:08:20.610745",166.3,horowitz
22,1166,"2014-11-17 00:08:20.631522","2014-11-17 00:08:20.631522",203,horowitz
23,1167,"2014-11-17 00:08:20.652410","2014-11-17 00:08:20.652410",218.9,horowitz
24,1382,"2014-11-17 00:08:20.671566","2014-11-17 00:08:20.671566",0.7,horowitz
25,1383,"2014-11-17 00:08:20.691595","2014-11-17 00:08:20.691595",1,horowitz
26,1387,"2014-11-17 00:08:20.711290","2014-11-17 00:08:20.711290",100,horowitz
